run_type,metric_name,air_temperature,cloud_water,specific_humidity,surface_precipitation
diagnostic,bias,-0.02560129239797898,-0.002871497935728999,0.005148954095754535,-0.02230955846607685
offline,bias,-0.019096464480341524,-0.0005643785698953786,0.0024853760780159384,-0.019663922488689423
offline,rmse,0.3676485587834577,0.12797950941334513,0.1001022042623756,0.21191762387752533
online,bias,-0.010531428316623223,0.0002461755336275712,-0.00085859291543358,0.017589254304766655
online,rmse,0.5157780421905045,0.2847245818815569,0.18027576290102765,0.7739974856376648
