,Baseline avg.,Online bias,Pct change
air_temperature,247.39741047730186,-0.09467290535898495,-0.04
specific_humidity,0.0026723309609972706,-1.2521632048835996e-06,-0.05
cloud_water_mixing_ratio,7.600406522631743e-06,1.5262387881601766e-07,2.01
total_precipitation,3.16289944032125e-05,3.1533120416918417e-07,1.0
h500,5660.70361328125,-1.8877795934677124,-0.03
USWRFtoa,91.94660186767578,1.3373819589614868,1.45
ULWRFtoa,236.87701416015625,-1.398786187171936,-0.59
PWAT,26.308000564575195,-0.006689320784062147,-0.03
net_outgoing,328.82361602783203,-0.06140422821044922,-0.02
